pond,site,treatment,water_temp,frogs
P01,north,shaded,15.8,11
P02,north,open,19.7,7
P03,north,shaded,15.2,15
P04,north,open,18.4,8
P05,north,shaded,18.4,15
P06,north,open,19.5,19
P07,north,shaded,15.8,14
P08,north,open,17.5,7
P09,north,shaded,13.2,12
P10,north,open,15.2,11
P11,north,shaded,18.8,15
P12,north,open,18.0,9
P13,north,shaded,15.5,12
P14,north,open,20.6,5
P15,north,shaded,16.1,15
P16,north,open,19.0,5
P17,north,shaded,15.8,10
P18,north,open,20.0,3
P19,north,shaded,19.0,8
P20,north,open,18.7,4
P21,north,shaded,16.0,16
P22,north,open,20.3,7
P23,north,shaded,16.1,7
P24,north,open,13.8,7
P25,north,shaded,17.8,6
P26,north,open,17.1,9
P27,north,shaded,19.5,18
P28,north,open,17.1,10
P29,north,shaded,13.4,13
P30,north,open,20.1,7
P31,south,shaded,17.4,15
P32,south,open,18.1,10
P33,south,shaded,18.6,9
P34,south,open,22.1,9
P35,south,shaded,20.4,7
P36,south,open,21.3,3
P37,south,shaded,15.2,7
P38,south,open,17.6,8
P39,south,shaded,15.7,19
P40,south,open,,4
P41,south,shaded,13.9,11
P42,south,open,21.8,7
P43,south,shaded,18.9,12
P44,south,open,18.7,10
P45,south,shaded,15.6,12
P46,south,open,,11
P47,south,shaded,16.3,9
P48,south,open,16.9,8
P49,south,shaded,13.5,11
P50,south,open,19.2,11
P51,south,shaded,17.4,11
P52,south,open,20.8,10
P53,south,shaded,14.7,10
P54,south,open,20.3,5
P55,south,shaded,15.2,9
P56,south,open,21.1,8
P57,south,shaded,18.9,10
P58,south,open,17.8,10
P59,south,shaded,17.0,8
P60,south,open,19.7,6
